$primitive;
$system;
&assertion;
&condition;
&continuation;
&error;
&format;
&i/o-decoding;
&i/o-encoding;
&i/o-file-already-exists;
&i/o-file-does-not-exist;
&i/o-file-is-read-only;
&i/o-file-protection;
&i/o-filename;
&i/o-invalid-position;
&i/o-port;
&i/o-read;
&i/o-write;
&i/o;
&implementation-restriction;
&irritants;
&lexical;
&message;
&no-infinities;
&no-nans;
&non-continuable;
&serious;
&source;
&syntax;
&undefined;
&violation;
&warning;
&who;
*;
+;
-1+;
-;
...;
/;
1+;
1-;
<;
<=;
=;
=>;
>;
>=;
_;
abort-handler;
abort;
abs;
acos;
acosh;
add-duration!;
add-duration;
add-prefix;
add1;
alias;
and;
andmap;
angle;
annotation-expression;
annotation-option-set;
annotation-options;
annotation-source;
annotation-stripped;
annotation?;
append!;
append;
apply;
apropos-list;
apropos;
ash;
asin;
asinh;
assert;
assertion-violation;
assertion-violation?;
assertion-violationf;
assoc;
assp;
assq;
assv;
atan;
atanh;
atom?;
base-exception-handler;
begin;
bignum?;
binary-port-input-buffer;
binary-port-input-count;
binary-port-input-index;
binary-port-input-size;
binary-port-output-buffer;
binary-port-output-count;
binary-port-output-index;
binary-port-output-size;
binary-port?;
bitwise-and;
bitwise-arithmetic-shift-left;
bitwise-arithmetic-shift-right;
bitwise-arithmetic-shift;
bitwise-bit-count;
bitwise-bit-field;
bitwise-bit-set?;
bitwise-copy-bit-field;
bitwise-copy-bit;
bitwise-first-bit-set;
bitwise-if;
bitwise-ior;
bitwise-length;
bitwise-not;
bitwise-reverse-bit-field;
bitwise-rotate-bit-field;
bitwise-xor;
block-read;
block-write;
boolean=?;
boolean?;
bound-identifier=?;
box-cas!;
box-immutable;
box;
box?;
break-handler;
break;
buffer-mode;
buffer-mode?;
bwp-object?;
bytes-allocated;
bytes-deallocated;
bytevector->immutable-bytevector;
bytevector->s8-list;
bytevector->sint-list;
bytevector->string;
bytevector->u8-list;
bytevector->uint-list;
bytevector-compress;
bytevector-copy!;
bytevector-copy;
bytevector-fill!;
bytevector-ieee-double-native-ref;
bytevector-ieee-double-native-set!;
bytevector-ieee-double-ref;
bytevector-ieee-double-set!;
bytevector-ieee-single-native-ref;
bytevector-ieee-single-native-set!;
bytevector-ieee-single-ref;
bytevector-ieee-single-set!;
bytevector-length;
bytevector-s16-native-ref;
bytevector-s16-native-set!;
bytevector-s16-ref;
bytevector-s16-set!;
bytevector-s24-ref;
bytevector-s24-set!;
bytevector-s32-native-ref;
bytevector-s32-native-set!;
bytevector-s32-ref;
bytevector-s32-set!;
bytevector-s40-ref;
bytevector-s40-set!;
bytevector-s48-ref;
bytevector-s48-set!;
bytevector-s56-ref;
bytevector-s56-set!;
bytevector-s64-native-ref;
bytevector-s64-native-set!;
bytevector-s64-ref;
bytevector-s64-set!;
bytevector-s8-ref;
bytevector-s8-set!;
bytevector-sint-ref;
bytevector-sint-set!;
bytevector-truncate!;
bytevector-u16-native-ref;
bytevector-u16-native-set!;
bytevector-u16-ref;
bytevector-u16-set!;
bytevector-u24-ref;
bytevector-u24-set!;
bytevector-u32-native-ref;
bytevector-u32-native-set!;
bytevector-u32-ref;
bytevector-u32-set!;
bytevector-u40-ref;
bytevector-u40-set!;
bytevector-u48-ref;
bytevector-u48-set!;
bytevector-u56-ref;
bytevector-u56-set!;
bytevector-u64-native-ref;
bytevector-u64-native-set!;
bytevector-u64-ref;
bytevector-u64-set!;
bytevector-u8-ref;
bytevector-u8-set!;
bytevector-uint-ref;
bytevector-uint-set!;
bytevector-uncompress;
bytevector;
bytevector=?;
bytevector?;
caaaar;
caaadr;
caaar;
caadar;
caaddr;
caadr;
caar;
cadaar;
cadadr;
cadar;
caddar;
cadddr;
caddr;
cadr;
call-with-bytevector-output-port;
call-with-current-continuation;
call-with-input-file;
call-with-output-file;
call-with-port;
call-with-string-output-port;
call-with-values;
call/1cc;
call/cc;
car;
case-lambda;
case-sensitive;
case;
cd;
cdaaar;
cdaadr;
cdaar;
cdadar;
cdaddr;
cdadr;
cdar;
cddaar;
cddadr;
cddar;
cdddar;
cddddr;
cdddr;
cddr;
cdr;
ceiling;
cfl*;
cfl+;
cfl-;
cfl-conjugate;
cfl-imag-part;
cfl-magnitude-squared;
cfl-real-part;
cfl/;
cfl=;
cflonum?;
char-;
char->integer;
char-alphabetic?;
char-ci<=?;
char-ci<?;
char-ci=?;
char-ci>=?;
char-ci>?;
char-downcase;
char-foldcase;
char-general-category;
char-lower-case?;
char-name;
char-numeric?;
char-ready?;
char-title-case?;
char-titlecase;
char-upcase;
char-upper-case?;
char-whitespace?;
char<=?;
char<?;
char=?;
char>=?;
char>?;
char?;
chmod;
clear-input-port;
clear-output-port;
close-input-port;
close-output-port;
close-port;
collect-generation-radix;
collect-maximum-generation;
collect-notify;
collect-rendezvous;
collect-request-handler;
collect-trip-bytes;
collect;
collections;
command-line-arguments;
command-line;
commonization-level;
compile-file-message;
compile-file;
compile-imported-libraries;
compile-interpret-simple;
compile-library-handler;
compile-library;
compile-port;
compile-profile;
compile-program-handler;
compile-program;
compile-script;
compile-time-value-value;
compile-time-value?;
compile-to-file;
compile-to-port;
compile-whole-library;
compile-whole-program;
compile;
complex?;
compress-format;
compress-level;
compute-composition;
compute-size;
concatenate-object-files;
cond;
condition-accessor;
condition-broadcast;
condition-continuation;
condition-irritants;
condition-message;
condition-name;
condition-predicate;
condition-signal;
condition-wait;
condition-who;
condition;
condition?;
conjugate;
cons*;
cons;
console-error-port;
console-input-port;
console-output-port;
constructor;
continuation-condition?;
copy-environment;
copy-time;
cos;
cosh;
cost-center-allocation-count;
cost-center-instruction-count;
cost-center-time;
cost-center?;
cp0-effort-limit;
cp0-outer-unroll-limit;
cp0-score-limit;
cpu-time;
create-exception-state;
critical-section;
csv7:record-field-accessible?;
csv7:record-field-accessor;
csv7:record-field-mutable?;
csv7:record-field-mutator;
csv7:record-type-descriptor;
csv7:record-type-field-decls;
csv7:record-type-field-names;
csv7:record-type-name;
csv7:record-type-symbol;
current-date;
current-directory;
current-error-port;
current-eval;
current-exception-state;
current-expand;
current-input-port;
current-locate-source-object-source;
current-make-source-object;
current-memory-bytes;
current-output-port;
current-time;
current-transcoder;
custom-port-buffer-size;
date->time-utc;
date-and-time;
date-day;
date-dst?;
date-hour;
date-minute;
date-month;
date-nanosecond;
date-second;
date-week-day;
date-year-day;
date-year;
date-zone-name;
date-zone-offset;
date?;
datum->syntax-object;
datum->syntax;
datum;
debug-condition;
debug-level;
debug-on-exception;
debug;
decode-float;
default-exception-handler;
default-library-search-handler;
default-prompt-and-read;
default-record-equal-procedure;
default-record-hash-procedure;
define-condition-type;
define-enumeration;
define-ftype;
define-property;
define-record-type;
define-record;
define-structure;
define-syntax;
define-top-level-syntax;
define-top-level-value;
define-values;
define;
delay;
delete-directory;
delete-file;
denominator;
directory-list;
directory-separator;
directory-separator?;
disable-interrupts;
display-condition;
display-statistics;
display-string;
display;
div-and-mod;
div0-and-mod0;
div0;
div;
do;
drop-prefix;
dynamic-wind;
else;
enable-cross-library-optimization;
enable-interrupts;
enable-object-counts;
endianness;
engine-block;
engine-return;
enum-set->list;
enum-set-complement;
enum-set-constructor;
enum-set-difference;
enum-set-indexer;
enum-set-intersection;
enum-set-member?;
enum-set-projection;
enum-set-subset?;
enum-set-union;
enum-set-universe;
enum-set=?;
enum-set?;
enumerate;
environment-mutable?;
environment-symbols;
environment;
environment?;
eof-object;
eof-object?;
eol-style;
ephemeron-cons;
ephemeron-pair?;
eq-hashtable-cell;
eq-hashtable-contains?;
eq-hashtable-delete!;
eq-hashtable-ephemeron?;
eq-hashtable-ref;
eq-hashtable-set!;
eq-hashtable-update!;
eq-hashtable-weak?;
eq-hashtable?;
eq?;
equal-hash;
equal?;
eqv?;
error-handling-mode;
error;
error?;
errorf;
eval-syntax-expanders-when;
eval-when;
eval;
even?;
exact->inexact;
exact-integer-sqrt;
exact;
exact?;
except;
exclusive-cond;
exists;
exit-handler;
exit;
exp;
expand-output;
expand/optimize-output;
expand/optimize;
expand;
export;
expression-editor;
expt-mod;
expt;
extend-syntax;
fasl-compressed;
fasl-file;
fasl-read;
fasl-strip-options;
fasl-write;
fields;
file-access-time;
file-buffer-size;
file-change-time;
file-directory?;
file-exists?;
file-length;
file-modification-time;
file-options;
file-port?;
file-position;
file-regular?;
file-symbolic-link?;
filter;
find;
finite?;
fixnum->flonum;
fixnum-width;
fixnum?;
fl*;
fl+;
fl-;
fl-make-rectangular;
fl/;
fl<;
fl<=;
fl<=?;
fl<?;
fl=;
fl=?;
fl>;
fl>=;
fl>=?;
fl>?;
flabs;
flacos;
flasin;
flatan;
flceiling;
flcos;
fldenominator;
fldiv-and-mod;
fldiv0-and-mod0;
fldiv0;
fldiv;
fleven?;
flexp;
flexpt;
flfinite?;
flfloor;
flinfinite?;
flinteger?;
fllog;
fllp;
flmax;
flmin;
flmod0;
flmod;
flnan?;
flnegative?;
flnonnegative?;
flnonpositive?;
flnumerator;
flodd?;
flonum->fixnum;
flonum?;
floor;
flpositive?;
flround;
flsin;
flsqrt;
fltan;
fltruncate;
fluid-let-syntax;
fluid-let;
flush-output-port;
flzero?;
fold-left;
fold-right;
for-all;
for-each;
force;
foreign-address-name;
foreign-alloc;
foreign-callable-code-object;
foreign-callable-entry-point;
foreign-callable;
foreign-entry;
foreign-entry?;
foreign-free;
foreign-procedure;
foreign-ref;
foreign-set!;
foreign-sizeof;
fork-thread;
format-condition?;
format;
fprintf;
free-identifier=?;
fresh-line;
ftype-&ref;
ftype-guardian;
ftype-init-lock!;
ftype-lock!;
ftype-locked-decr!;
ftype-locked-incr!;
ftype-pointer->sexpr;
ftype-pointer-address;
ftype-pointer-ftype;
ftype-pointer-null?;
ftype-pointer=?;
ftype-pointer?;
ftype-ref;
ftype-set!;
ftype-sizeof;
ftype-spin-lock!;
ftype-unlock!;
fx*/carry;
fx*;
fx+/carry;
fx+;
fx-/carry;
fx-;
fx/;
fx1+;
fx1-;
fx<;
fx<=;
fx<=?;
fx<?;
fx=;
fx=?;
fx>;
fx>=;
fx>=?;
fx>?;
fxabs;
fxand;
fxarithmetic-shift-left;
fxarithmetic-shift-right;
fxarithmetic-shift;
fxbit-count;
fxbit-field;
fxbit-set?;
fxcopy-bit-field;
fxcopy-bit;
fxdiv-and-mod;
fxdiv0-and-mod0;
fxdiv0;
fxdiv;
fxeven?;
fxfirst-bit-set;
fxif;
fxior;
fxlength;
fxlogand;
fxlogbit0;
fxlogbit1;
fxlogbit?;
fxlogior;
fxlognot;
fxlogor;
fxlogtest;
fxlogxor;
fxmax;
fxmin;
fxmod0;
fxmod;
fxmodulo;
fxnegative?;
fxnonnegative?;
fxnonpositive?;
fxnot;
fxodd?;
fxpositive?;
fxquotient;
fxremainder;
fxreverse-bit-field;
fxrotate-bit-field;
fxsll;
fxsra;
fxsrl;
fxvector->immutable-fxvector;
fxvector->list;
fxvector-copy;
fxvector-fill!;
fxvector-length;
fxvector-ref;
fxvector-set!;
fxvector;
fxvector?;
fxxor;
fxzero?;
gcd;
generate-allocation-counts;
generate-covin-files;
generate-inspector-information;
generate-instruction-counts;
generate-interrupt-trap;
generate-procedure-source-information;
generate-profile-forms;
generate-temporaries;
generate-wpo-files;
gensym->unique-string;
gensym-count;
gensym-prefix;
gensym;
gensym?;
get-bytevector-all;
get-bytevector-n!;
get-bytevector-n;
get-bytevector-some!;
get-bytevector-some;
get-char;
get-datum/annotations;
get-datum;
get-hash-table;
get-line;
get-mode;
get-output-string;
get-process-id;
get-source-table!;
get-string-all;
get-string-n!;
get-string-n;
get-string-some!;
get-string-some;
get-thread-id;
get-u8;
getenv;
getprop;
greatest-fixnum;
guard;
guardian?;
hash-table-for-each;
hash-table-map;
hash-table?;
hashtable-cell;
hashtable-cells;
hashtable-clear!;
hashtable-contains?;
hashtable-copy;
hashtable-delete!;
hashtable-entries;
hashtable-ephemeron?;
hashtable-equivalence-function;
hashtable-hash-function;
hashtable-keys;
hashtable-mutable?;
hashtable-ref;
hashtable-set!;
hashtable-size;
hashtable-update!;
hashtable-values;
hashtable-weak?;
hashtable?;
heap-reserve-ratio;
i/o-decoding-error?;
i/o-encoding-error-char;
i/o-encoding-error?;
i/o-error-filename;
i/o-error-port;
i/o-error-position;
i/o-error?;
i/o-file-already-exists-error?;
i/o-file-does-not-exist-error?;
i/o-file-is-read-only-error?;
i/o-file-protection-error?;
i/o-filename-error?;
i/o-invalid-position-error?;
i/o-port-error?;
i/o-read-error?;
i/o-write-error?;
iconv-codec;
identifier-syntax;
identifier?;
ieee-environment;
ieee;
if;
imag-part;
immutable-box?;
immutable-bytevector?;
immutable-fxvector?;
immutable-string?;
immutable-vector?;
immutable;
implementation-restriction-violation?;
implicit-exports;
import-notify;
import-only;
import;
include;
indirect-export;
inexact->exact;
inexact;
inexact?;
infinite?;
initial-bytes-allocated;
input-port-ready?;
input-port?;
inspect/object;
inspect;
integer->char;
integer-length;
integer-valued?;
integer?;
interaction-environment;
interactive?;
internal-defines-as-letrec*;
interpret;
invoke-library;
iota;
irritants-condition?;
isqrt;
keyboard-interrupt-handler;
lambda;
last-pair;
latin-1-codec;
lcm;
least-fixnum;
length;
let*-values;
let*;
let-syntax;
let-values;
let;
letrec*;
letrec-syntax;
letrec;
lexical-violation?;
library-directories;
library-exports;
library-extensions;
library-list;
library-object-filename;
library-requirements-options;
library-requirements;
library-search-handler;
library-version;
library;
list*;
list->fxvector;
list->string;
list->vector;
list-copy;
list-head;
list-ref;
list-sort;
list-tail;
list;
list?;
literal-identifier=?;
load-compiled-from-port;
load-library;
load-program;
load-shared-object;
load;
locate-source-object-source;
locate-source;
lock-object;
locked-object?;
log;
logand;
logbit0;
logbit1;
logbit?;
logior;
lognot;
logor;
logtest;
logxor;
lookahead-char;
lookahead-u8;
machine-type;
magnitude-squared;
magnitude;
make-annotation;
make-assertion-violation;
make-boot-file;
make-boot-header;
make-bytevector;
make-compile-time-value;
make-condition;
make-continuation-condition;
make-cost-center;
make-custom-binary-input-port;
make-custom-binary-input/output-port;
make-custom-binary-output-port;
make-custom-textual-input-port;
make-custom-textual-input/output-port;
make-custom-textual-output-port;
make-date;
make-engine;
make-enumeration;
make-ephemeron-eq-hashtable;
make-ephemeron-eqv-hashtable;
make-eq-hashtable;
make-eqv-hashtable;
make-error;
make-format-condition;
make-ftype-pointer;
make-fxvector;
make-guardian;
make-hash-table;
make-hashtable;
make-i/o-decoding-error;
make-i/o-encoding-error;
make-i/o-error;
make-i/o-file-already-exists-error;
make-i/o-file-does-not-exist-error;
make-i/o-file-is-read-only-error;
make-i/o-file-protection-error;
make-i/o-filename-error;
make-i/o-invalid-position-error;
make-i/o-port-error;
make-i/o-read-error;
make-i/o-write-error;
make-implementation-restriction-violation;
make-input-port;
make-input/output-port;
make-irritants-condition;
make-lexical-violation;
make-list;
make-message-condition;
make-mutex;
make-no-infinities-violation;
make-no-nans-violation;
make-non-continuable-violation;
make-object-finder;
make-output-port;
make-parameter;
make-polar;
make-record-constructor-descriptor;
make-record-type-descriptor;
make-record-type;
make-rectangular;
make-serious-condition;
make-source-condition;
make-source-file-descriptor;
make-source-object;
make-source-table;
make-sstats;
make-string;
make-syntax-violation;
make-thread-parameter;
make-time;
make-transcoder;
make-undefined-violation;
make-variable-transformer;
make-vector;
make-violation;
make-warning;
make-weak-eq-hashtable;
make-weak-eqv-hashtable;
make-who-condition;
map;
mark-port-closed!;
max;
maximum-memory-bytes;
maybe-compile-file;
maybe-compile-library;
maybe-compile-program;
member;
memp;
memq;
memv;
merge!;
merge;
message-condition?;
meta-cond;
meta;
min;
mkdir;
mod0;
mod;
module;
modulo;
most-negative-fixnum;
most-positive-fixnum;
mutable-box?;
mutable-bytevector?;
mutable-fxvector?;
mutable-string?;
mutable-vector?;
mutable;
mutex-acquire;
mutex-name;
mutex-release;
mutex?;
nan?;
native-endianness;
native-eol-style;
native-transcoder;
negative?;
new-cafe;
newline;
no-infinities-violation?;
no-nans-violation?;
non-continuable-violation?;
nongenerative;
nonnegative?;
nonpositive?;
not;
null-environment;
null?;
number->string;
number?;
numerator;
object-counts;
oblist;
odd?;
only;
opaque;
open-bytevector-input-port;
open-bytevector-output-port;
open-fd-input-port;
open-fd-input/output-port;
open-fd-output-port;
open-file-input-port;
open-file-input/output-port;
open-file-output-port;
open-input-file;
open-input-output-file;
open-input-string;
open-output-file;
open-output-string;
open-process-ports;
open-source-file;
open-string-input-port;
open-string-output-port;
optimize-level;
or;
ormap;
output-port-buffer-mode;
output-port?;
pair?;
parameterize;
parent-rtd;
parent;
pariah;
partition;
path-absolute?;
path-extension;
path-first;
path-last;
path-parent;
path-rest;
path-root;
peek-char;
petite?;
port-bol?;
port-closed?;
port-eof?;
port-file-compressed!;
port-file-descriptor;
port-handler;
port-has-port-length?;
port-has-port-nonblocking??;
port-has-port-position?;
port-has-set-port-length!?;
port-has-set-port-nonblocking!?;
port-has-set-port-position!?;
port-input-buffer;
port-input-count;
port-input-empty?;
port-input-index;
port-input-size;
port-length;
port-name;
port-nonblocking?;
port-output-buffer;
port-output-count;
port-output-full?;
port-output-index;
port-output-size;
port-position;
port-transcoder;
port?;
positive?;
predicate;
prefix;
pretty-file;
pretty-format;
pretty-initial-indent;
pretty-line-length;
pretty-maximum-lines;
pretty-one-line-limit;
pretty-print;
pretty-standard-indent;
print-brackets;
print-char-name;
print-extended-identifiers;
print-gensym;
print-graph;
print-length;
print-level;
print-precision;
print-radix;
print-record;
print-unicode;
print-vector-length;
printf;
procedure-arity-mask;
procedure?;
process;
profile-clear-database;
profile-clear;
profile-dump-data;
profile-dump-html;
profile-dump-list;
profile-dump;
profile-line-number-color;
profile-load-data;
profile-palette;
profile-query-weight;
profile-release-counters;
profile;
property-list;
protocol;
put-bytevector-some;
put-bytevector;
put-char;
put-datum;
put-hash-table!;
put-source-table;
put-string-some;
put-string;
put-u8;
putenv;
putprop;
quasiquote;
quasisyntax;
quote;
quotient;
r5rs-syntax;
r5rs;
r6rs:<;
r6rs:<=;
r6rs:=;
r6rs:>;
r6rs:>=;
r6rs:call-with-input-file;
r6rs:call-with-output-file;
r6rs:case;
r6rs:char-ci<=?;
r6rs:char-ci<?;
r6rs:char-ci=?;
r6rs:char-ci>=?;
r6rs:char-ci>?;
r6rs:char<=?;
r6rs:char<?;
r6rs:char=?;
r6rs:char>=?;
r6rs:char>?;
r6rs:command-line;
r6rs:current-error-port;
r6rs:current-input-port;
r6rs:current-output-port;
r6rs:delete-file;
r6rs:dynamic-wind;
r6rs:eval;
r6rs:exit;
r6rs:file-exists?;
r6rs:flush-output-port;
r6rs:fx*;
r6rs:fx+;
r6rs:fx-;
r6rs:hashtable-entries;
r6rs:hashtable-keys;
r6rs:number->string;
r6rs:open-input-file;
r6rs:open-output-file;
r6rs:record-constructor;
r6rs:record?;
r6rs:standard-error-port;
r6rs:standard-input-port;
r6rs:standard-output-port;
r6rs:string->number;
r6rs:string-ci<=?;
r6rs:string-ci<?;
r6rs:string-ci=?;
r6rs:string-ci>=?;
r6rs:string-ci>?;
r6rs:string<=?;
r6rs:string<?;
r6rs:string=?;
r6rs:string>=?;
r6rs:string>?;
r6rs:syntax-rules;
r6rs:utf-16-codec;
r6rs:with-input-from-file;
r6rs:with-output-to-file;
raise-continuable;
raise;
random-seed;
random;
rational-valued?;
rational?;
rationalize;
ratnum?;
read-char;
read-token;
read;
real->flonum;
real-part;
real-time;
real-valued?;
real?;
rec;
record-accessor;
record-case;
record-constructor-descriptor;
record-constructor-descriptor?;
record-constructor;
record-equal-procedure;
record-field-mutable?;
record-hash-procedure;
record-mutator;
record-predicate;
record-reader;
record-rtd;
record-type-descriptor;
record-type-descriptor?;
record-type-equal-procedure;
record-type-field-names;
record-type-generative?;
record-type-hash-procedure;
record-type-name;
record-type-opaque?;
record-type-parent;
record-type-sealed?;
record-type-uid;
record-writer;
record?;
register-signal-handler;
release-minimum-generation;
remainder;
remove!;
remove-foreign-entry;
remove-hash-table!;
remove;
remp;
remprop;
remq!;
remq;
remv!;
remv;
rename-file;
rename;
require-nongenerative-clause;
reset-cost-center!;
reset-handler;
reset-maximum-memory-bytes!;
reset;
reverse!;
reverse;
revisit-compiled-from-port;
revisit;
round;
run-cp0;
s8-list->bytevector;
sc-expand;
scheme-environment;
scheme-program;
scheme-report-environment;
scheme-script;
scheme-start;
scheme-version-number;
scheme-version;
scheme;
sealed;
self-evaluating-vectors;
serious-condition?;
set!;
set-binary-port-input-buffer!;
set-binary-port-input-index!;
set-binary-port-input-size!;
set-binary-port-output-buffer!;
set-binary-port-output-index!;
set-binary-port-output-size!;
set-box!;
set-car!;
set-cdr!;
set-port-bol!;
set-port-eof!;
set-port-input-buffer!;
set-port-input-index!;
set-port-input-size!;
set-port-length!;
set-port-name!;
set-port-nonblocking!;
set-port-output-buffer!;
set-port-output-index!;
set-port-output-size!;
set-port-position!;
set-sstats-bytes!;
set-sstats-cpu!;
set-sstats-gc-bytes!;
set-sstats-gc-count!;
set-sstats-gc-cpu!;
set-sstats-gc-real!;
set-sstats-real!;
set-textual-port-input-buffer!;
set-textual-port-input-index!;
set-textual-port-input-size!;
set-textual-port-output-buffer!;
set-textual-port-output-index!;
set-textual-port-output-size!;
set-time-nanosecond!;
set-time-second!;
set-time-type!;
set-timer;
set-top-level-value!;
set-virtual-register!;
simple-conditions;
sin;
sinh;
sint-list->bytevector;
sleep;
sort!;
sort;
source-condition-form;
source-condition?;
source-directories;
source-file-descriptor-checksum;
source-file-descriptor-path;
source-file-descriptor;
source-file-descriptor?;
source-object-bfp;
source-object-column;
source-object-efp;
source-object-line;
source-object-sfd;
source-object?;
source-table-cell;
source-table-contains?;
source-table-delete!;
source-table-dump;
source-table-ref;
source-table-set!;
source-table-size;
source-table?;
sqrt;
sstats-bytes;
sstats-cpu;
sstats-difference;
sstats-gc-bytes;
sstats-gc-count;
sstats-gc-cpu;
sstats-gc-real;
sstats-print;
sstats-real;
sstats?;
standard-error-port;
standard-input-port;
standard-output-port;
statistics;
string->bytevector;
string->immutable-string;
string->list;
string->number;
string->symbol;
string->utf16;
string->utf32;
string->utf8;
string-append;
string-ci-hash;
string-ci<=?;
string-ci<?;
string-ci=?;
string-ci>=?;
string-ci>?;
string-copy!;
string-copy;
string-downcase;
string-fill!;
string-foldcase;
string-for-each;
string-hash;
string-length;
string-normalize-nfc;
string-normalize-nfd;
string-normalize-nfkc;
string-normalize-nfkd;
string-ref;
string-set!;
string-titlecase;
string-truncate!;
string-upcase;
string;
string<=?;
string<?;
string=?;
string>=?;
string>?;
string?;
strip-fasl-file;
sub1;
subset-mode;
subst!;
subst;
substq!;
substq;
substring-fill!;
substring;
substv!;
substv;
subtract-duration!;
subtract-duration;
suppress-greeting;
symbol->string;
symbol-hash;
symbol-hashtable-cell;
symbol-hashtable-contains?;
symbol-hashtable-delete!;
symbol-hashtable-ref;
symbol-hashtable-set!;
symbol-hashtable-update!;
symbol-hashtable?;
symbol=?;
symbol?;
syntax->annotation;
syntax->datum;
syntax->list;
syntax->vector;
syntax-case;
syntax-error;
syntax-object->datum;
syntax-rules;
syntax-violation-form;
syntax-violation-subform;
syntax-violation;
syntax-violation?;
syntax;
system;
tan;
tanh;
textual-port-input-buffer;
textual-port-input-count;
textual-port-input-index;
textual-port-input-size;
textual-port-output-buffer;
textual-port-output-count;
textual-port-output-index;
textual-port-output-size;
textual-port?;
thread-condition?;
thread?;
threaded?;
time-difference!;
time-difference;
time-nanosecond;
time-second;
time-type;
time-utc->date;
time;
time<=?;
time<?;
time=?;
time>=?;
time>?;
time?;
timer-interrupt-handler;
top-level-bound?;
top-level-mutable?;
top-level-program;
top-level-syntax;
top-level-syntax?;
top-level-value;
trace-case-lambda;
trace-define-syntax;
trace-define;
trace-do;
trace-lambda;
trace-let;
trace-output-port;
trace-print;
trace;
transcoded-port;
transcoder-codec;
transcoder-eol-style;
transcoder-error-handling-mode;
transcoder?;
transcript-cafe;
transcript-off;
transcript-on;
truncate-file;
truncate-port;
truncate;
type-descriptor;
u8-list->bytevector;
uint-list->bytevector;
unbox;
undefined-variable-warnings;
undefined-violation?;
unget-char;
unget-u8;
unless;
unlock-object;
unquote-splicing;
unquote;
unread-char;
unregister-guardian;
unsyntax-splicing;
unsyntax;
untrace;
utf-16-codec;
utf-16be-codec;
utf-16le-codec;
utf-8-codec;
utf16->string;
utf32->string;
utf8->string;
values;
vector->immutable-vector;
vector->list;
vector-cas!;
vector-copy;
vector-fill!;
vector-for-each;
vector-length;
vector-map;
vector-ref;
vector-set!;
vector-set-fixnum!;
vector-sort!;
vector-sort;
vector;
vector?;
verify-loadability;
violation?;
virtual-register-count;
virtual-register;
visit-compiled-from-port;
visit;
void;
waiter-prompt-and-read;
waiter-prompt-string;
waiter-write;
warning;
warning?;
warningf;
weak-cons;
weak-pair?;
when;
who-condition?;
with-cost-center;
with-exception-handler;
with-implicit;
with-input-from-file;
with-input-from-string;
with-interrupts-disabled;
with-mutex;
with-output-to-file;
with-output-to-string;
with-profile-tracker;
with-source-path;
with-syntax;
write-char;
write;
zero?;
